<?xml version="1.0" encoding="UTF-8"?>
<project-private xmlns="http://www.netbeans.org/ns/project-private/1">
    <editor-bookmarks xmlns="http://www.netbeans.org/ns/editor-bookmarks/2" lastBookmarkId="0"/>
    <open-files xmlns="http://www.netbeans.org/ns/projectui-open-files/2">
        <group>
            <file>file:/D:/Java_Neu_Netbeans/hagalavadi-gopalakrishna-sumanth-001824723/AED_Homework_1/src/Business/Person.java</file>
            <file>file:/D:/Java_Neu_Netbeans/hagalavadi-gopalakrishna-sumanth-001824723/AED_Homework_1/src/GraphicalUserInterface/MainJFrame.java</file>
            <file>file:/D:/Java_Neu_Netbeans/hagalavadi-gopalakrishna-sumanth-001824723/AED_Homework_1/src/GraphicalUserInterface/ViewJpanelForm.java</file>
            <file>file:/D:/Java_Neu_Netbeans/hagalavadi-gopalakrishna-sumanth-001824723/AED_Homework_1/src/GraphicalUserInterface/CreateJpanelForm.java</file>
            <file>file:/D:/Java_Neu_Netbeans/hagalavadi-gopalakrishna-sumanth-001824723/AED_Homework_1/src/Business/Address.java</file>
        </group>
    </open-files>
</project-private>
