<?xml version="1.0" encoding="UTF-8"?>
<project-private xmlns="http://www.netbeans.org/ns/project-private/1">
    <editor-bookmarks xmlns="http://www.netbeans.org/ns/editor-bookmarks/2" lastBookmarkId="0"/>
    <open-files xmlns="http://www.netbeans.org/ns/projectui-open-files/2">
        <group>
            <file>file:/D:/Java_Neu_Netbeans/hagalavadi-gopalakrishna-sumanth-001824723/Homework_Assignment_2/src/Interface/ViewJPanel.java</file>
            <file>file:/D:/Java_Neu_Netbeans/hagalavadi-gopalakrishna-sumanth-001824723/Homework_Assignment_2/src/Interface/UpdateJPanel.java</file>
            <file>file:/D:/Java_Neu_Netbeans/hagalavadi-gopalakrishna-sumanth-001824723/Homework_Assignment_2/src/Business/AirplaneDetails.java</file>
            <file>file:/D:/Java_Neu_Netbeans/hagalavadi-gopalakrishna-sumanth-001824723/Homework_Assignment_2/src/Interface/CreateJPanel.java</file>
            <file>file:/D:/Java_Neu_Netbeans/hagalavadi-gopalakrishna-sumanth-001824723/Homework_Assignment_2/src/Business/AirplaneDetailsHistory.java</file>
            <file>file:/D:/Java_Neu_Netbeans/hagalavadi-gopalakrishna-sumanth-001824723/Homework_Assignment_2/src/Interface/MainJFrame.java</file>
        </group>
    </open-files>
</project-private>
